电影名,电影id,年代,时光评分,评论人数,导演,编剧,类型,国家地区,发行公司,片长,上映日期,剧情介绍,主演
"前任4：英年早婚

(
2023
)",273511,2023,6,2人评分,田羽生,田羽生大宽大广,爱情/喜剧,中国,华谊兄弟电影有限公司上海淘票票影视文化有限公司中国电影股份有限公司北京电影发行分公司,129分钟,9月28日2023年,十年前任，9.28就爱吧！9月28日一起看129分钟的《前任4》吧，我们也要爱很久很久。孟云（韩庚饰）和余飞（郑恺饰）这对难兄难弟，在历经情场的洗礼之后，终于来到了谈婚论嫁的年纪。正在经历“分手后遗症”的孟云，面对家人的催促，带着“为什么要结婚”的疑问，开始寻找真爱；而余飞和女友丁点（曾梦雪饰）为了应对结婚后即将产生的各种情况，自创了“结婚冷静期”，将婚后生活提前预演。两兄弟开启一场全新的爱情挑战……,"韩庚GengHan
郑恺RyanZheng
于文文KellyYu
曾梦雪ZengMengxue"
"坚如磐石

(
2023
)",264207,2023,6,5人评分,张艺谋,陈宇,剧情/悬疑/犯罪,中国,,127分钟,9月28日2023年,导演张艺谋回归现实题材之作，故事围绕苏见明（雷佳音饰）与李慧琳（周冬雨饰）联手调查一起暗流涌动、牵扯巨大利益集团的犯罪案件展开。为了调查案情，苏见明不顾位高权重的父亲郑刚（张国立饰）的劝阻，赶赴富商黎志田（于和伟饰）的“鸿门宴”，在观看了一出黎志田愚弄他人、手入火锅的猖狂戏码后，越来越多的线索逐渐浮出水面。在这些线索背后的暗流涌动，让人隐隐感到一盘大棋正在筹谋。,"雷佳音JiayinLei
饰?苏见明

张国立GuoliZhang
饰?郑刚

于和伟HeweiYu
饰?黎志田

周冬雨DongyuZhou
饰?李慧琳"
"志愿军：雄兵出击

(
2023
)",273555,2023,7.1,2人评分,陈凯歌,张珂,剧情/战争/历史,中国,中国电影股份有限公司,140分钟,9月28日2023年,为纪念抗美援朝战争胜利70周年，陈凯歌将打造《志愿军》三部曲，全景式、多维度立体展现这场新中国的立国之战。电影《志愿军：雄兵出击》为该系列首部。1949年建国初期，新中国面临“内忧外患”局面。朝鲜内战爆发以来，美军屡在中朝边境挑衅，平民惨遭轰炸。为了维护来之不易的和平、为了世代长久的安稳，1950年10月，中国人民志愿军入朝，“抗美援朝”战争拉开帷幕。这是一场“举国之战”——朝鲜战场，即使军备实力对比悬殊，我军却用壮烈牺牲换回节节胜利；外交舞台，中华人民共和国代表团首度亮相联合国，中国新声赢得国际敬畏。新中国，寸土不让扬国威；新青年，意气风发保家国。,"唐国强GuoqiangTang
饰?毛泽东

王砚辉YanhuiWang
饰?彭德怀

刘劲JinLiu
饰?周恩来

辛柏青BaiqingXin
饰?李默尹"
"敢死队4：最终章

(
2023
)",227594,2023,6.1,86人评分,斯科特·沃夫,达夫·卡拉汉姆MaxAdamsSpenserCohen,动作/惊悚/冒险,美国,狮门影业CaliforniaFilmesDutchFilmWorks(DFW)B.V.,103分钟,9月15日2023年,再次聚焦一群资深雇佣兵的故事。,"西尔维斯特·史泰龙SylvesterStallone
杰森·斯坦森JasonStatham
兰迪·库卓RandyCouture
50分50Cent"
"第八个嫌疑人

(
2022
)",264513,2022,6.1,110人评分,李子俊,周汶儒,中国,中国,,,9月9日2023年,一名建筑公司老板策划震惊全国的押钞车抢劫案，计划失败，开始逃亡之路。公正刚直的警察为揪出这名嫌疑人，退休后只身前往边境城市，却遇上一个洗心革面的「陌生人」……然而，在法律之下，没有人能选择赎罪的方式。,"大鹏ChengpengDong
饰?陈信文

林家栋KaTungLam
饰?王守月

张颂文SongwenZhang
饰?何蓝

齐溪XiQi"
"莫斯科行动

(
2023
)",272641,2023,0,0人评分,邱礼涛,陈大明,动作/剧情/犯罪,中国,,120分钟,9月29日2023年,本片根据中国第一桩跨境追捕真实案件改编！??90年代初，前苏联解体后经济濒临崩溃，商品供应极度匮乏。大批中国商贩乘坐K3次北京至莫斯科的国际列车往来中俄两国，把中国的服装、食品、化妆品等消费品贩运到俄罗斯，获取高额利润。在这列承载着巨额现金和货品的列车上，犯罪分子的罪恶欲望也在疯狂滋长。以苗青山（黄轩饰）为首的悍匪集团训练有素分工明确，对K3次国际列车进行了丧心病狂的连环洗劫，案件一时轰动世界！??案发后，中国警察崔振海（张涵予饰）带领公安小队伪装成商人，深入陌生的俄罗斯展开跨国抓捕行动。过程中，化名为瓦西里的神秘人（刘德华饰）和一名叫真真的女子（文咏珊饰）引起了警方的注意，一个更大的惊天阴谋逐渐揭开……,"张涵予HanyuZhang
饰?崔振海

刘德华AndyLau
饰?瓦西里

黄轩XuanHuang
饰?苗青山

文咏珊JaniceMan
饰?真真"
"好像也没那么热血沸腾

(
2023
)",273415,2023,0,14人评分,高虎,邢文雄,中国,中国,,,9月28日2023年,翻拍自西班牙同名电影，对胜利无比执着的篮球教练魏国铮（魏翔饰），因违规受罚被迫进入一所智力障碍学校支教。当奉行“打球就是为了赢”的自负教练，遇上一群热爱篮球但“能力值为负”的球员，在鸡同鸭讲式的日常相处和不停陷入中断的篮球训练中，濒临崩溃的魏教练会有奇招延续自己的不败神话吗？他们又能否一起负负得正，在即将到来的联赛上一路高歌猛进、披荆斩棘、勇夺冠军？,"魏翔XiangWei
王智ZhiWang
艾伦Allen
王子异Boogie"
"奥本海默

(
2023
)",271029,2023,8.6,472人评分,克里斯托弗·诺兰,克里斯托弗·诺兰凯·伯德,剧情/历史/传记,美国,环球影业,180分钟,8月30日2023年,聚焦美国“原子弹之父”罗伯特·奥本海默，他在开发第一颗原子弹的过程中所扮演的角色。剧本改编自KaiBird和MartinJ.Sherwin所著普利策获奖书籍《美国普罗米修斯:奥本海默的成功和悲剧》，被描述为“一部史诗级的惊悚片，将观众带入惊心动魄的悖论中：一个神秘之人必须冒着毁灭世界的危险来拯救世界。,"基里安·墨菲CillianMurphy
艾米莉·布朗特EmilyBlunt
马特·达蒙MattDamon
小罗伯特·唐尼RobertDowneyJr."
"威尼斯惊魂夜

(
2023
)",273075,2023,7,76人评分,肯尼思·布拉纳,迈克尔·格林阿加莎·克里斯蒂,惊悚/剧情/悬疑,美国,20thCenturyStudios华特·迪士尼电影工作室,103分钟,9月15日2023年,在第二次世界大战后的威尼斯，现已退休的波洛过着流亡生活，他不情愿地参加了一个通灵仪式，当一位客人被谋杀时，需要这位前侦探再次揭开凶手的面纱。,"凯利·蕾莉KellyReilly
肯尼思·布拉纳KennethBranagh
杨紫琼MichelleYeoh
凯尔·艾伦KyleAllen"
"孤注一掷

(
2023
)",270487,2023,7.2,480人评分,申奥,申奥张艺凡许渌洋,剧情/犯罪,中国,,130分钟,8月8日2023年,电影取材自上万起真实诈骗案例，境外网络诈骗全产业链骇人内幕将在大银幕上首度被揭秘。程序员潘生（张艺兴饰）、模特安娜（金晨饰）被海外高薪招聘吸引，出国淘金，却意外落入境外诈骗工厂的陷阱。为了离开，两人准备向赌徒阿天（王大陆饰）和其女友小雨（周也饰）下手，从他们身上套现、完成业绩……潘生与安娜能否逃过诈骗集团头目陆经理（王传君饰）和阿才（孙阳饰）的残暴折磨？面对警察（咏梅饰）的跨国调查和追捕，他们又会何去何从？,"张艺兴Lay
金晨ChenJin
咏梅MeiYong
王传君Eric"
"贝肯熊：火星任务

(
2023
)",274615,2023,0,0人评分,王超,刘珮如王超王奕霖,动画/冒险/喜剧,中国,上海淘票票影视文化有限公司,96分钟,9月28日2023年,最倒霉的特工贝肯熊，为了重获认可，偷偷混入火星任务，不料却闯进了火星里的神秘世界，和要抓捕的火星怪物成为了朋友。在特工荣誉和友情之间，他将面临一场前所未有的考验。,
"封神第一部

(
2023
)",164691,2023,7.5,973人评分,乌尔善,冉平冉甲男乌尔善,奇幻/战争/古装,中国,天津猫眼微影文化传媒有限公司,148分钟,7月20日2023年,中国国民神话史诗大片，震撼视效燃炸暑假！《封神第一部》讲述商王殷寿与狐妖妲己勾结，暴虐无道，引发天谴。昆仑仙人姜子牙携“封神榜”下山，寻找天下共主，以救苍生。西伯侯之子姬发逐渐发现殷寿的本来面目，反出朝歌。各方势力暗流涌动，风云变幻端倪初显……三千年想象成真，恢弘史诗再创新，见证中国神话崛起！,"费翔KrisPhillips
饰?商王殷寿

李雪健XuejianLi
饰?西伯侯姬昌

娜然Naran
饰?妲己

黄渤BoHuang
饰?姜子牙"
"鹦鹉杀

(
2023
)",272076,2023,0,27人评分,麻赢心,麻赢心,悬疑/犯罪,中国,,100分钟,9月15日2023年,电影故事源自大量“杀猪盘”真实案例！都市白领周冉（周冬雨?饰）在一次网恋中，被骗走了55万。循着骗子留下的蛛丝马迹，周冉来到沿海小城，并意外结识了小镇青年林致光（章宇饰）和许照（张宥浩饰）。周冉渐渐发现二人身上隐藏着自己受骗的线索，一场复仇之计也由此展开……,"周冬雨DongyuZhou
章宇YuZhang
张宥浩YouhaoZhang
李梦MengLi"
"汪汪队立大功大电影2：超能大冒险

(
2023
)",271167,2023,0,0人评分,卡尔·布伦克尔,BobBarlenBobBarlen卡尔·布伦克尔,动画/动作/奇幻,美国,,92分钟,9月29日2023年,第二部中会有一颗神奇的流星来袭，让汪汪队成员都有了超能力，而韩丁那市长依然在搞事情……,"詹姆斯·麦斯登JamesMarsden
麦肯纳·格蕾丝MckennaGrace
伊恩·阿米蒂奇IainArmitage
克里斯汀·贝尔KristenBell"
"学爸

(
2023
)",270250,2023,7.1,87人评分,苏亮,苏亮,剧情/喜剧,中国,天津猫眼微影文化传媒有限公司中国电影股份有限公司北京电影发行分公司,118分钟,8月18日2023年,看黄渤监制高口碑新片笑着笑着就哭了！治愈焦虑的最强解药，是有人无条件地爱着你。黄渤携可爱萌娃单禹豪演绎欢乐又曲折的成长故事，现实主义戳心引发高度共鸣，“卷不动又躺不平”的人生百态直击人心！雷大力（黄渤饰）为了让儿子雷小米（单禹豪饰）能够拥有更高的人生起点，在单亲妈妈刘真真（闫妮饰）的带领下，被迫卷入了“幼升小”的激烈角逐。又在火哥（张子贤饰）和火嫂（万茜饰）的影响下，不惜倾尽所有购入学区房，重重压力让父子二人的生活变得不堪一击。雷小米小姨（张钧甯饰）的出现，又让雷大力领悟了“拼娃”的本质是“拼父母”……面对残酷的现实，父子如何苦中作乐，如何逆势破局？在现实中难免挣扎的我们，又该做出怎样的人生抉择？,"黄渤BoHuang
饰?雷大力

单禹豪
饰?雷小米

闫妮NiYan
饰?刘真真

张钧甯Chun-NingChang
饰?高亚琳"
"不虚此行

(
2023
)",271853,2023,0,30人评分,刘伽茵,刘伽茵,剧情,中国,上海淘票票影视文化有限公司,118分钟,9月9日2023年,人这一生怎样才算不虚此行？闻善（胡歌饰）在平衡自己与世界的关系中寻找着答案。他是一个“掉队”的普通编剧，一次偶然的机会让他改以撰写悼词为生。在与各色普通人的相遇里，闻善慰藉他人、也获得了温暖，最终找到了自己的人生方向。,"胡歌Hugh
饰?饰闻善

吴磊LeiWu
饰?饰小尹

齐溪XiQi
饰?饰邵金穗

娜仁花RenhuaNa
饰?饰方阿姨"
"长安三万里

(
2023
)",272782,2023,8.2,491人评分,谢君伟,红泥小火炉,动画/历史,中国,浙江东阳小宇宙影视传媒有限公司,168分钟,7月8日2023年,安史之乱爆发后数年，吐蕃大军攻打西南。大唐节度使高适交战不利，长安岌岌可危。困守孤城的高适向监军太监回忆起自己与李白的一生往事。,"杨天翔TianxiangYang
饰?高适

凌振赫ZhenheLing
饰?李白

吴俊全JunquanWu
饰?老年高适

宣晓鸣XiaomingXuan
饰?老年李白"
"我是哪吒2之英雄归来

(
2023
)",267355,2023,0,0人评分,,王震,中国,中国,,,9月29日2023年,,
"巨齿鲨2：深渊

(
2023
)",270273,2023,6.2,334人评分,本·维特利,乔·霍贝尔埃里希·霍贝尔迪恩·乔格瑞斯,动作/科幻/冒险,中国,上海华人影业有限公司五洲电影发行有限公司中国电影股份有限公司北京电影发行分公司,119分钟,8月4日2023年,海洋霸主巨齿鲨，今夏再掀狂澜！乔纳斯·泰勒（杰森·斯坦森饰）与科学家张九溟（吴京饰）双雄联手，进入海底7000米深渊执行探索任务。他们意外遭遇史前巨兽海洋霸主巨齿鲨群的攻击，还将对战凶猛危险的远古怪兽群。惊心动魄的深渊冒险，巨燃巨爽的深海大战一触即发……,"杰森·斯坦森JasonStatham
吴京JingWu
蔡书雅ShuyaSophiaCai
克利夫·柯蒂斯CliffCurtis"
"功夫王之萌虎上山

(
2023
)",274071,2023,0,0人评分,,,动画/奇幻/冒险,中国,,80分钟,9月29日2023年,一夜之间，虎门武馆馆主惨遭毒手，少馆主乐乐也被神秘人物追杀，为报父仇和查清事情背后的真相，乐乐带着小伙伴毅然踏上前往功夫山的征程，前方的路会是一马平川的坦途吗？为了阻止乐乐，圣武堂接连派出各大高手阻拦，乐乐的前途究竟如何？,
"永安镇故事集

(
2023
)",270648,2023,0,42人评分,魏书钧,魏书钧康春雷,中国,中国,之江影业传媒（浙江）有限公司人间指南（上海）影视发行有限公司,,9月8日2023年,影片叙述了一个剧组入住拍摄地，给这个原本宁静的小镇带来一丝波澜，然而波澜过后，一切又重归宁静的故事。影片分为三个章节——独自等待、看上去很美、冥王星时刻，小镇和剧组串联起三个章节的故事和其中的人物——与小镇格格不入的饭店老板娘、回不去故乡的女明星、陷入创作分歧的导演与编剧……因为剧组的到来，每一个置身这座小镇的人心中都荡起一丝涟漪，但涟漪终会散去，一切也终将重归平静。,"杨子姗ZishanYang
黄米依MiyiHuang
刘洋Damon
康春雷ChunleiKang"
"小美人鱼之大海怪传说

(
2023
)",271951,2023,0,0人评分,,,动画/奇幻/家庭,中国,,80分钟,9月29日2023年,当神秘小美人鱼遇上了传说中的大海怪，深藏在海洋深处的秘密也由此揭开，一场充满惊险刺激的海洋冒险之旅即将开启……,
"热烈

(
2022
)",272254,2022,7.8,219人评分,大鹏,大鹏苏彪,剧情/喜剧,中国,,124分钟,7月28日2023年,街舞老炮儿丁雷（黄渤饰），偶遇卖艺少年陈烁（王一博饰），丁雷忽悠陈烁加入自己经营的舞团。舞团内高手如云，性格各异，与陈烁碰撞出不同的火花，笑料不断。陈烁热烈追梦，期待着上场的机会，却发现丁雷邀请他其实另有目的，而丁雷和陈烁，也都将面对接二连三的沉重打击，他们能否逆风翻盘，回击人生难题？,"王一博YiboWang
饰?陈烁

黄渤BoHuang
饰?丁雷

岳云鹏YunpengYue
饰?陈烁舅舅

刘敏涛MintaoLiu
饰?陈烁妈妈"
"红色恋人

(
1998
)",10816,1998,7.4,450人评分,叶大鹰,江奇涛AndeeNathanson,爱情/剧情,中国,WorldtradeEntertainment,98分钟,9月12日2023年,三十年代的上海，美国人佩恩偶然结识了秋秋与靳，并对秋秋一见钟情。靳是上海地下党的高层领导人，因在一次战争受重伤，导致脑内残留有弹片，造成他患有严重的间歇性狂燥病症，容易产生幻觉。秋秋被靳的勇敢、智慧与风采所折服，深深爱上了靳。靳在幻觉症病发时错把秋秋看作了自己的前妻。清醒的秋秋被靳那浪漫、坚贞的爱情所震撼，决心要为得到靳的真实爱情付出一切。秋秋中了亲生父亲设下的圈套，不幸被捕。为保护靳，也为粉碎敌人的阴谋，秋秋亲手杀死了生父。不久，秋秋意外得知自己已怀孕，感受到秋秋一片深情的靳，深知自己的生命有限，于是用自己去交换狱中的秋秋，最终被敌人枪毙。秋秋因难产死在佩恩怀中。佩恩领养了他们的女儿明珠。上海解放后，佩恩带着明珠去瞻仰亲生父母的遗骨，明珠从父亲的骨灰中摸到了靳脑内的那块弹片。一九九零年，在中国长大的明珠赴美国帮助养父佩恩撰写回忆录，回忆录的名字为《红色恋人》。,"张国荣LeslieCheung
梅婷TingMei
陶泽如ZeruTao
ToddBabcock"
"GT赛车：极速狂飙

(
2023
)",273470,2023,0,40人评分,尼尔·布洛姆坎普,杰森·霍尔扎克·贝林埃里希·霍贝尔,动作/剧情/冒险,美国,哥伦比亚影业公司,135分钟,9月1日2023年,影片讲述了一个从游戏少年到职业车手的真实励志故事。游戏《GT赛车》官方设立了一所GT学院，旨在从全球范围内寻找天才车手，帮助玩家追逐职业赛车手的梦想。少年詹恩·马登伯勒凭借他的赛车模拟游戏技术，从候选者中脱颖而出，最终超越自我，从拿着游戏手柄的少年热血成长为真正的职业赛车手，驰骋在世界顶尖赛道上。,"大卫·哈伯DavidHarbour
奥兰多·布鲁姆OrlandoBloom
ArchieMadekwe
DarrenBarnet"
"茶啊二中

(
2023
)",274319,2023,7.4,134人评分,夏铭泽,夏铭泽阎凯,动画/奇幻/喜剧,中国,,91分钟,7月14日2023年,初三三班最调皮的“学渣”王强和“暴躁班主任”石妙娜意外互换了身体，压迫已久的王强过了一把当班主任的瘾，石妙娜也体会到了做“学渣”的滋味！石妙娜的公开课比赛日期临近，二人急需找到换回身体的方法，却遇到重重阻碍……,"邢原源YuanyuanXing
王博文BowenWang"
"我经过风暴

(
2023
)",270490,2023,7.2,58人评分,秦海燕,秦海燕,家庭/剧情,中国,北京光线影业有限公司中国电影股份有限公司北京电影发行分公司,101分钟,8月17日2023年,我国第一部家暴题材电影，影片取材自上百起真实家暴案件。看似事业有成、儿女双全的徐敏（佟丽娅饰）却有着难以启齿的秘密：她被丈夫陈均（吴昱翰饰）长期家暴。徐敏不是所有人想象中受害者的模样，她坚毅勇敢且有自己的事业，在与律师李小萌（王影璐饰）艰难抗争试图离婚的过程中，面对小心谨慎不留证据的丈夫、周遭人冷言冷语嘲讽质疑、社会系统的不作为、为了两个孩子…当离婚不是家暴的终点，当家不是避风港而是暴雨本身，她究竟能否冲破这场风暴？,"佟丽娅LiyaTong
吴昱翰YuhanWu
王影璐WangYinglu
艾丽娅Ailiya"
"火山挚恋

(
2022
)",272736,2022,8.4,90人评分,SaraDosa,ShaneBorisErinCasperSaraDosa,中国,加拿大,NeonAnticipatePicturesMadmanEntertainmentPty.Ltd.,98分钟,8月18日2023年,Katia和MauriceKrafft除了彼此相爱之外，还深深迷恋着火山。二十年来，这对热爱冒险的法国夫妇纵情于与自然之间惊险、刺激的“三角恋”。两人追随全球的火山喷发和余波，用惊艳的摄影和震撼人心的影像记录他们的发现，并通过媒体和巡回演讲与好奇的观众们分享自身经历。最终，Katia和Maurice于1991年日本云仙(Unzen)的一次火山爆发中丧命，但他们给世人留下了关于自然的丰富知识和遗产。这部隽意满满、充满视觉震撼的作品荣获2022圣丹斯电影节美国纪录片竞赛单元最佳剪辑奖，同时亦被选为2022瑞士真实影展开幕片。,"米兰达·裘莱MirandaJuly
卡提亚·克拉夫特KatiaKrafft
莫里斯·克拉夫特MauriceKrafft
Anne-LaureBalbir"
"三贵情史

(
2023
)",269827,2023,0,12人评分,刘斯逸,刘斯逸,爱情/奇幻/剧情,中国,华夏电影发行有限责任公司天津猫眼微影文化传媒有限公司,108分钟,9月9日2023年,电影讲述了因天神们的一个赌约，人间男孩王三贵身上有了一个古怪的诅咒：凡他亲吻之物，即刻陷入熟睡。为了打破诅咒，三贵踏上了寻找真爱的浪漫奇幻之旅的故事。,"胡先煦XianxuHu
姚晨ChenYao
周也YeZhou
周依然YiranZhou"
"江米儿

(
2023
)",274911,2023,0,2人评分,,,剧情,中国,,98分钟,9月19日2023年,今年10岁牧区生活的小多杰，在一次赛马节上，小多杰被大人们赛马奔驰的场景深深吸引，于是梦想拥有一匹属于自己的小马。为了凑够1500元买小马驹的钱，小多杰开始了艰辛的圆梦之旅。,
"芭比

(
2023
)",227245,2023,7.7,357人评分,格蕾塔·葛韦格,诺亚·鲍姆巴赫格蕾塔·葛韦格,爱情/动作/奇幻,加拿大,WarnerBros.GmbH华纳兄弟公司华纳兄弟公司,114分钟,7月21日2023年,生活在芭比乐园，就是在一个完美的地方做一个完美的人。除非你真的有生存危机，或者你叫肯。,"玛格特·罗比MargotRobbie
瑞恩·高斯林RyanGosling
刘思慕SimuLiu
亚美莉卡·费雷拉AmericaFerrera"
"厨神驾到

(
2023
)",273811,2023,0,1人评分,李克龙,,中国,中国,,,3月25日2023年,,"孙涛TaoSun
韩云云Yun-yunHan
克拉拉ClaraLee
张海燕HaiyanZhang"
"念念相忘

(
2023
)",271225,2023,0,12人评分,刘雨霖,范文文胡舒欣,爱情/青春,中国,,103分钟,8月22日2023年,你是否也有一个念念不忘的人？2023七夕，想念不如相见。转校生许念念与少年杨燚因误会结下梁子，水火不容的两人展开一系列比拼，本以为是好胜心作祟，却在不知不觉中萌发了情愫。飒爽的少女与中二的少年，就这样一起度过了热血又难忘的高中时光，最后却遗憾地擦身而过……当念念不忘的两人再次相见，他们能否勇敢一场，排除万难直面内心的喜欢？,"刘浩存HaocunLiu
宋威龙SongWeilong
卜冠今GuanjinBu
郭丞ChengGuo"
"嗨！神兽

(
2020
)",271495,2020,0,1人评分,池家庆,池家庆,动画/剧情,中国台湾,,88分钟,9月16日2023年,每个夜晚“它”都会偷偷走进村子吃掉大家的噩梦……“在森林深处住着一只一身体长得像猪，鼻子像大象，耳朵像马，脚像犀牛的神兽。每个夜里，当人们都睡着时，它就会偷偷走进村子吃掉大家的噩梦！”渔村小孩阿吉的父亲从小就跟阿吉叙述他小时候在森林遇到神兽的故事，阿吉对父亲所说的话总是深信不疑，期待有一天可以亲眼看见这只父亲看过的神兽。有一天，与阿吉相依为命的父亲因海难身亡，8岁的阿吉想找出传说中能吃掉噩梦的神兽，帮他吃掉爸爸去世的这场噩梦。,"杨采妮CharlieYeung
白润音Run-yinBai
Mu-yiChen
李李仁LirenLi"
"消失的她

(
2022
)",273294,2022,6.8,590人评分,崔睿,陈思诚顾舒怡殷一雄,中国,中国,,,6月22日2023年,何非的妻子李木子在结婚周年旅行中离奇消失，在何非苦寻无果之时妻子再次现身，何非却坚持眼前的陌生女人并非妻子，妻子拿出了身份证明进行自证，夫妻二人似乎都有不可告人的秘密，随着金牌律师陈麦介入到这起离奇案件中，更多的谜团慢慢浮现……本片改编自苏联电影《Lovushkadlyaodinokogomuzhchiny》。,"朱一龙YilongZhu
倪妮NiNi
文咏珊JaniceMan
杜江JiangDu"
"疯狂大营救

(
2021
)",274913,2021,0,0人评分,,,动画,法国,,89分钟,9月29日2023年,调皮的皮尔和三只有趣的宠物在城堡里过着飞檐走壁、无忧无虑的快乐生活。一次偶然的机会，皮尔发现了摄政王想要陷害王子的阴谋，但因为她的宠物误触了魔法机器，王子被戏剧性地变成了一只奇怪的“鸡猫”，一片混乱中，皮尔和她的神奇搭档们躲过了摄政王的追捕，踏上了寻找解药来解除王子身上的魔法的旅程，他们一路上遇到了各种挑战，不仅要穿越可怕的诅咒森林，还要与呆萌的独角兽上演空前的决战……经历过笑料百出、令人捧腹的欢乐冒险之后，他们能否成功地营救王子、重新为城堡带来欢乐幸福的生活呢？,"PaulBorne
JulienCrampon
PierreTessier
GauthierBattoue"
"流水落花

(
2022
)",273624,2022,0,28人评分,贾胜枫,贾胜枫,剧情,中国香港,,95分钟,9月15日2023年,多年前失去了亲儿的母亲，申请成为寄养家庭，想借此找回做母亲的感觉。,"郑秀文SammiCheng
AlanChun-KwongLuk
谈善言HedwigTam"
"奇迹少女

(
2023
)",274708,2023,0,10人评分,杰里米·扎格,杰里米·扎格,爱情/动画/动作,法国,,105分钟,8月18日2023年,故事讲述怯懦又富有正义感的少女马丽娜获得“米可幻奇”的力量成为新手英雄“奇迹少女”，并在抗击罪恶中结识另外一位英雄“黑猫罗尔”。两人并肩作战一起共同成长并守护世界和平……,"BenjaminBollen
AntoineTomé
MarieChevalot
ThierryKazazian"
"超级飞侠：乐迪加速

(
2023
)",274372,2023,0,6人评分,冯操,刘珮如杜鹏,动画/科幻/喜剧,中国,,89分钟,7月8日2023年,超级飞侠乐迪接到一项新任务！一个神秘的包裹，一次跨越大洲的派送，乐迪却因此偶然介入了一场将世界陷于危机的恶作剧中。面对危机，乐迪和其他超级飞侠将发挥各自的救援能力，争分夺秒合力拯救世界！,
"毒蜂

(
2023
)",274791,2023,0,2人评分,潘文杰,朱昭宾,中国,中国,,,9月15日2023年,影片主要讲述了随着新型毒品“蜜蜂”的研制者“毒蜂”被执行死刑，由富大龙饰演的主人公段成也随即越狱，并对外宣称自己就是唯一知道“蜜蜂”配方的人。此后，他成功潜入“毒”巢，在与敌斗智斗勇的过程中寻找着隐藏在暗中的“蜂王”，而多方势力也闻风而动，一场殊死较量就此展开……,"富大龙DalongFu
许亚军YajunXu
王斑BanWang
高梓淇Jiame"
"潜艇总动员：环游地球80天

(
2023
)",274622,2023,0,1人评分,,,中国,中国,,,7月29日2023年,,
"小黄人大眼萌：神偷奶爸前传

(
2022
)",240382,2022,7,379人评分,凯尔·巴尔达,辛科·保罗布莱恩·林奇马修·福格尔,动画/家庭/科幻,美国,环球影业东宝东和UnitedInternationalPictures(UIP),90分钟,8月19日2022年,这部新片将是2015年推出的小黄人独立电影《小黄人大眼萌》的直接续集。它作为《神偷奶爸》的衍生作品，讲述了小黄人们在“前格鲁”时代为其他主人服务的经历，不过少年格鲁曾经出现在这部衍生电影里，续集将围绕他与小黄人们结缘的过程展开剧情。,"皮埃尔·柯芬PierreCoffin
史蒂夫·卡瑞尔SteveCarell
塔拉吉·P·汉森TarajiP.Henson
尚格·云顿Jean-ClaudeVanDamme"
"青木劫

(
2023
)",274169,2023,0,0人评分,,,惊悚/恐怖,中国,,86分钟,9月9日2023年,影片改编自民国真实恐怖传闻，讲述了民国初年富甲一方的淮镇盐商康氏惨遭灭门，家中幼女亲眼目睹全家被杀后竟离奇失踪。几十年间，废弃康宅鬼泣哀怨，整个青木巷充斥着灵异惊悚的气息，军官宋绍堂（葛浩饰）、教师紫桐（赵帅饰）、私生子程佑安（曹高波饰）、大亨郑洪斌（张振才饰）等人对于康门案各怀心事，有人复仇、有人死于非命，灭门惨案背后的真相逐渐浮出水面。,
"意外人生

(
2023
)",269320,2023,0,6人评分,左志国,,爱情/悬疑/犯罪,中国,,90分钟,9月1日2023年,身在澳门的潘义铭(吴镇宇饰)意外收到一份30年未见面的父亲的遗嘱，父亲留给他一笔巨额遗产，要求潘义铭参加葬礼才能继承。他遵守遗嘱回到了出生的中国南方小城。在这里，有他曾经的恋人林悦(任素汐饰)、表面老实巴交的情敌华琪(李康生饰)、素未谋面的女儿木子(乌兰托雅饰)，以及一些残留的记忆和错综交织的秘密与阴谋。,"吴镇宇FrancisNg
任素汐SuxiRen
李康生KangshengLi
乌兰托雅·朵AudyreyDuo"
"驯龙高手

(
2010
)",51236,2010,8.2,2.02万人评分,迪恩·德布洛斯,克蕾熙达·柯维尔迪恩·德布洛斯克里斯·桑德斯,动画/动作/奇幻,美国,派拉蒙影业公司ParamountPictures(Australia)Pty.Ltd.ParamountPictures,98分钟,5月14日2010年,博克岛是维京人世代居住地方，这里原本平静的生活常常被凶残的恶龙们打破。这些恶龙袭击维京人的村庄，掠夺维京人的羊群，无恶不作。屠龙也自然成了维京人的职业之一，屠龙高手是维京人心目中的英雄。身体瘦弱、爱研究、又有点书生气质的小嗝嗝（杰伊?巴鲁切尔配音）是骁勇善战的族长史图依克（杰拉德·巴特勒配音）的儿子，却没有继承他父亲的衣钵，有心屠龙却常常惹出些小麻烦，不受村民们特别是他父亲的喜爱。只有他的师傅戈伯看出了他的潜质。在一次战斗中，小嗝嗝击落一只夜煞，在此之前从来没有人能够从夜煞手里活着出来，杀死夜煞将成为全族的英雄。但是小嗝嗝没有杀死这只夜煞，反而和它成了好朋友，取名没牙。与此同时，小嗝嗝被迫和其他的维京青少年——亚丝翠、鼻涕粗、鱼脚司，以及双胞胎暴芙那特和悍夫那特─参加屠龙训练营。在与没牙的朝夕相处中，小嗝嗝了解了许多龙的生活习性和弱点，并有效地运用在了屠龙训练课程中，成为屠龙训练营的第一名，获得了单独屠杀一只龙的机会。亚丝翠（亚美莉卡·费雷拉配音）发现了小嗝嗝的秘密，但很快被小嗝嗝和没牙的魅力折服了，他们无意中造访了恶龙们的老巢，原来这些恶龙们被迫掠夺猎物，来进贡给一只庞大无比的巨龙。这只巨龙才是危害维京人的罪恶之源。没牙为了解救在屠龙考试中遇险的小嗝嗝，被村民们擒获。族长史图依克决心利用没牙，直捣恶龙们的老巢。他的贸然进攻，损失惨重。危难关头，小嗝嗝和他的小伙伴们各自骑着驯服的龙，加入了战斗。小嗝嗝和没牙的组合与巨龙斗志斗勇，最终杀死了巨龙。而巨龙垂死挣扎的火焰吞噬了小嗝嗝和没牙……维京岛恢复了和平，之前的“pest”恶龙却成了维京人的“pet”，感谢我们的英雄小嗝嗝。,"杰伊·巴鲁切尔JayBaruchel
杰拉德·巴特勒GerardButler
亚美莉卡·费雷拉AmericaFerrera
克雷格·费格森CraigFerguson"
"曾经炽热的我们

(
2023
)",274872,2023,0,0人评分,马小刚,,中国,中国,,,9月16日2023年,影片讲述了90后年轻人创业的故事，通过青春、爱情等元素的融入，以创业和情感为主线，讲述青年一代百折不饶的奋斗精神，折射出大时代背景下小人物的青春激情和人生选择。,"周政杰ZhengjieZhou
卢洋洋Hanna
骆明劼Ming-jieLuo"
"功夫熊猫

(
2008
)",44740,2008,7.8,4.44万人评分,约翰·史蒂芬森,乔纳森·阿贝尔格伦·伯杰伊森·瑞弗,动画/动作/家庭,美国,派拉蒙影业公司BontonfilmParamountPictures,92分钟,6月20日2008年,古中国，和平谷，武林高手云集。自小就对虎、蛇、鹤、猴、螳螂五大惊世护法高手崇拜得五体投地的熊猫阿波，天天做梦都想当功夫皇帝。可阿波不但只是间小面馆的小伙计，还是个体重超重动作笨拙的大懒虫，除了满怀一腔功夫热情做做白日梦，他最多也就能在面馆里混混日子逮逮虱子。????不料，时逢强敌入侵，谷中高人乌龟仙师掐指一算，预感到江湖告急。谷中动物合议，决定召开武林大会比武招贤，推举出一位武林高手带领大家抵抗外敌。“功夫师傅”的五大高徒护法本是当仁不让争夺No.1的高手，可好死不死，懒熊阿波也却也在这当口无意闯入比武大会的场地。更让和平谷动物们吐血的是，不过是去凑热闹一睹偶像风采的阿波，竟误打误撞成为了乌龟仙师眼中肩负拯救整个和平谷使命的“救世熊”！????额滴神啊，大敌当前，要想让一无是处的阿波变身为旷世武林奇才，谷中的功夫大师可有得头疼！虽然肚子总是咕咕叫，背部总是酸疼难忍，心底也没啥自信，还常常把生性固执、循规蹈矩的师傅气得大念“孺子不可教也”，可当被囚禁二十年的大魔头逃出牢笼发誓血洗江湖之时，熊猫阿波却将义无反顾地肩负起天赋使命。不过，能不能成为一代宗师击退强敌，还是个完全未知的问题……,"杰克·布莱克JackBlack
达斯汀·霍夫曼DustinHoffman
安吉丽娜·朱莉AngelinaJolie
伊恩·麦柯肖恩IanMcShane"
"暗杀风暴

(
2023
)",255768,2023,6.6,114人评分,邱礼涛,沈锡然,悬疑/犯罪,中国,上海淘票票影视文化有限公司广东昇格传媒股份有限公司,100分钟,8月18日2023年,改编自周浩晖豆瓣高分悬疑小说，尺度大开、高能反转！以“审判者”自居的神秘杀手Darker公开挑衅警方，接连发出“死亡通知单”，收到之人都会被残忍处决。为查清真相，爆炸案目击者黄少平（古天乐饰）、天才警察罗飞（张智霖饰）、专案组组长韩灏（吴镇宇饰）纷纷入局。Darker究竟是谁？真相不断反转，惊人的秘密逐渐浮出水面……,"古天乐LouisKoo
饰?黄少平

张智霖JulianCheung
饰?罗飞

吴镇宇FrancisNg
饰?韩灏

胡杏儿MyolieWu"
"雪豹和她的朋友们

(
2023
)",274463,2023,0,17人评分,奚志农,奚志农,纪录片,中国,一九零五影业（北京）有限公司华聚德电影发行（北京）有限公司,85分钟,8月4日2023年,本片以雪豹为核心线索，讲述了三位牧民如何从牧民转变为摄影师，成为雪豹的保护者，如何追寻雪豹的踪迹以及为此所付出的努力的故事，这部电影不仅讲述了雪豹的故事，更探究了“人与野生动物共生”的新方式。,"朱亚文YawenZhu
饰?旁白"
"觅渡

(
2023
)",274740,2023,0,0人评分,,,历史/传记,中国,,120分钟,8月28日2023年,本片以中国共产党早期三位重要领导人瞿秋白、张太雷、恽代英的革命经历为主线，讲述“常州三杰”坚持共产主义崇高信仰，在中国革命阵地上，展现他们短暂而光辉的人生、非凡而高尚的人格魅力、坚毅而浪漫的革命情怀。,
"丛林大冒险

(
2019
)",274737,2019,0,1人评分,咪咪·梅纳德,MartinBehnkeMarinaMartins杰斯佩·莫雷,动画/冒险/喜剧,比利时,,81分钟,8月19日2023年,影片改编自1971年塞巴斯蒂安·莱贝克的同名畅销童书，讲述了调皮可爱的刺猬莱特为了拯救干旱的丛林，和聪明善良的松鼠栗宝，一起踏上寻找魔法水石的冒险之旅。他们穿过了不毛之地，战胜凶猛的野兽，骗过了狡猾的狼群，最终找到了被熊王斑图偷走的魔法水石，为了拿到魔法水石，他们想了各种各样的办法……,"AshleyBornancin
DannyFehsenfeld
DanielAmerman
TimurBartels"
"力量密码

(
2023
)",274483,2023,0,2人评分,,,剧情/历史/传记,中国,,103分钟,7月1日2023年,,
"八角笼中

(
2023
)",271814,2023,7.4,408人评分,王宝强,七七王宝强,剧情,中国,天津猫眼微影文化传媒有限公司,117分钟,7月6日2023年,王宝强首部现实题材导演作品，人生突围，震撼人心！电影讲述了主人公倾注心血想把当地无人照料的孩子培养成才，这让生活本没有出路的孩子们看到了一丝通向未来的曙光。然而，随着往日的表演视频被爆出，这些“残忍、血腥”的画面刺激了不明真相的人们的神经。一夜之间，舆论开始发酵。主人公的生活、孩子们的前途都陷入到人们以善良为名编织的大网中，让他们难以挣脱，重回泥沼，关于未来，他们的“出路”又将在哪……,"王宝强BaoqiangWang
饰?向腾辉

陈永胜YongshengChen
史彭元PengyuanShi
王迅XunWang"
"棒！少年

(
2020
)",268275,2020,7.6,150人评分,许慧晶,许慧晶,纪录片,中国,,110分钟,7月28日2020年,北京市郊，一群困境儿童在70多岁老教练的带领下练习棒球。少年马虎的到来打破了宁静，他在队中淘气打闹、拉帮结派，成了队员和教练的眼中钉。由于拆迁等原因，棒球基地被要求限期搬离，而半年后，球队将代表亚太区参加在美国举办的世界级少棒比赛。少年们能否团结一心，突破自我？基地和孩子们未来的命运又将如何？,
"贝肯熊2：金牌特工

(
2021
)",265865,2021,0,28人评分,张扬,刘珮如潘依然,动画/冒险,中国,霍尔果斯众合千澄影业有限公司,95分钟,7月23日2021年,拥有超级芯片的特工熊贝肯，梦想成为独当一面的金牌特工，然而特工局并不放心将任务交给一只北极熊去执行。贝肯为了证明自己的能力，贸然执行任务，误入陷阱，却因此失去了宝贵芯片。变成普通北极熊的贝肯立志夺回芯片，却阴差阳错被粉丝小海豹缠上，无奈的他只好带着小海豹踏上寻找芯片的冒险旅程。不过这一切并不如贝肯想象中的顺利，他们需要躲避特工局的追查、闯过丛林伙伴的考验，以及面对拿走芯片的邪恶势力。历经曲折艰辛，在小海豹的鼓励下，贝肯终于找到自己与生俱来的力量，并领悟特工的真谛。,"汤水雨
孟子焱ZiyanMeng
徐佳琦JiaqiXu
任亚明YamingRen"
"险诈

(
2023
)",274960,2023,0,0人评分,,,剧情/悬疑,中国,,100分钟,9月20日2023年,,
"燃冬

(
2023
)",274203,2023,0,37人评分,陈哲艺,陈哲艺,爱情/剧情,中国,,97分钟,8月22日2023年,2022年冬天，女孩娜娜与两个朋友结伴而行，从城市游览到冰天雪地里北方的森林，度过了一个自由而怅然的周末。,"周冬雨DongyuZhou
刘昊然HaoranLiu
屈楚萧ChuXiaoQu"
"欢乐好声音

(
2016
)",229728,2016,7.8,"2,717人评分",加斯·詹宁斯,加斯·詹宁斯,动画/家庭/歌舞,日本,环球影业UnitedInternationalPictures(UIP)FinnkinoOy,110分钟,2月17日2017年,马修·麦康纳配音的考拉从小怀揣音乐梦，受父亲资助买下一家剧院惨淡经营，房租小姐天天上门追债，他决定举办一次选秀力挽狂澜，以求得到关注和资助。在奖金与梦想的双重指引下，动物居民纷纷一展歌喉。奇葩海选后，与男友在音乐创作上持巨大分歧的摇滚叛逆少女豪猪艾希、不愿与老爹为伍的黑帮二代公子大猩猩强尼、生了25个猪仔想要摆脱平淡生活的主妇露西塔、不穿亮片紧身衣热歌劲舞就觉得将在舞台失去光芒的公猪韩特、自私油滑的老鼠迈克、以及身患舞台恐惧症的小象米娜入围，他们各自怀揣生活难题，随着演出的筹备、出现意外、反转，最终达成与自身、亲情、家庭的和解。《欢乐好声音》就是动物界的“达人秀”和“好声音”，虽然剧情套路满满，仍不失为一部美好的动画。,"马修·麦康纳MatthewMcConaughey
饰?考拉月伯乐

瑞茜·威瑟斯彭ReeseWitherspoon
饰?猪妈妈露西塔

塔伦·埃格顿TaronEgerton
饰?猩猩强尼

斯嘉丽·约翰逊ScarlettJohansson
饰?豪猪艾希"
"北京2022

(
2023
)",273815,2023,0,5人评分,陆川,,纪录片/剧情/运动,中国,北京耀影电影发行有限公司,103分钟,5月19日2023年,《北京2022》为北京冬奥会官方电影，讲述了中国为举办冬奥会举国上下齐心协力，全面兑现申办承诺的真实故事。影片故事以“北京——铸造赛场”和“运动员——回归赛场”为主线，讲述那些怀揣梦想的“冬奥人”，在漫长的筹办、备战和等待中，用努力和坚持克服各种困难，实现突破和超越，最终圆梦冬奥的故事，在弘扬奥林匹克精神的同时，彰显人类共同合作和团结向前的重大意义。,
"老师，别哭

(
2023
)",274861,2023,0,1人评分,梁明,,剧情,中国,,96分钟,9月9日2023年,即将毕业的大学生贾思婷，意外成为了广东韶关一个小山村的支教老师，彼时正值韶关银杏染秋的时节，大片金灿灿的银杏叶与宁静乡村相映衬，让刚一进山的贾思婷目酣神醉。可当她来到支教的小学时却傻眼了，原来这个学校一共只有五名学生，还是多个年级合在一个班上课，这可让贾思婷乱了阵脚。在校长的安排下，贾思婷还不得不和一个叫石头的学生成为室友，而这个安排又引发了二人之间一连串啼笑皆非的“战争”。在与石头的斗法过程中贾思婷节节败退，干脆向校长提出了辞职，可是校长的一番话却让贾思婷改变了心意。在之后的支教时光中，贾思婷和孩子们慢慢走进了彼此的内心，这段山中生活和孩子们的笑脸，也潜移默化地改变了贾思婷的人生轨迹。,"董钒
王浩宇WangHaoyu"
"新大头儿子和小头爸爸4：完美爸爸

(
2021
)",267672,2021,0,13人评分,何澄,,动画/奇幻/冒险,中国,五洲电影发行有限公司上海鑫岳影视传播股份有限公司上海禧优文化传媒有限公司,85分钟,7月9日2021年,为满足大头儿子的愿望，小头爸爸编写的人工AI程序产生了bug，儿子被程序中的“完美爸爸”绑架到了虚拟世界，最终父子二人携手一起打败了AI爸爸，回到了现实世界中来……,
"八千里路云和月

(
1947
)",10164,1947,0,43人评分,史东山,史东山,爱情,中国,,124分钟,1月1日1947年,女学生江玲玉，家住江西，在上海某大学就读，寄居姨母家。抗日战争爆发，玲玉不顾姨母和表兄周家荣的阻止，毅然参加救亡演剧队，沿京沪线宣传抗日。不久，她与同队青年音乐家高礼彬相爱。随着战争发展，演剧队长途跋涉，辗转湘桂黔，到达重庆。这时周家荣假公务之名，来重庆做投机生意，以金钱为饵纠缠玲玉，被玲玉拒绝。抗战胜利后，玲玉与礼彬成婚。周家荣摇身变为“接收大员”，返沪前寻访玲玉，欲携同行，得知玲玉已婚，悻悻而去。玲玉与礼彬复员回沪，无处栖身，不得已仍寄居姨母家。周家荣靠“接收”大发横财，礼彬和玲玉则一贫如洗，幸得老友夏光原相助，租得一间阁楼栖身。礼彬当小学教师，玲玉在一家报社任记者。不久，礼彬因营养不良和过度疲劳，患了肺病，玲玉怀孕后仍坚持工作。一夜，大雨倾盆，玲玉准备写稿揭发周家荣“劫收”的罪恶，因体力不支，回家途中晕倒街头。礼彬和演剧队员们四出寻找，后得悉玲玉已被送往医院，即赶赴医院探视。玲玉已早产，医嘱需长期休养。大家面面相觑，不知如何是好。,"白杨YangBai
陶金JinTao
石羽YuShi
周峰FengZhou"
"望道

(
2023
)",270531,2023,0,27人评分,侯咏,贺子壮宋晋川侯咏,剧情/历史,中国,,112分钟,3月24日2023年,从日本留学归来的陈望道接下了翻译《共产党宣言》的任务，从此改变了人生轨迹；陈独秀、俞秀松、施存统、经亨颐、戴季陶、蔡慕晖等历史人物一一出场。历经时代动荡变革，友朋或牺牲或离去，陈望道面临生死抉择的考验。,"刘烨YeLiu
胡军JunHu
文咏珊JaniceMan
王锵QiangWang"
"摇钱树

(
1937
)",44406,1937,0,12人评分,谭友六,夏衍,,中国,,,,吴葆三家道中落，成为酒徒，被泼辣的妻子朱氏骂为不务正业。女儿美玲是小学教师，其同事龙鲤门喜欢她，她则不予理会。儿子一清曾因参战导致一条腿残废，也成日呆在家中。律师崔法罗垂涎美玲美貌，正巧葆三叔父病死无后，他诈称其叔父有巨额遗产，若他出面可尽归葆三。一家人信以为真，对其竭力巴结，只有一清明白是诈骗。美玲被法罗骗身怀孕，法罗在逃走时将一清推下楼摔死。讨债者纷纷上门，鲤门欲与美玲修好，知其有孕终一怒而去。,"舒绣文XiuwenShu
郑君里JunliZheng
尤光照GuangzhaoYou
韩兰根LangenHan"
"欢乐丛林之外星人大冒险

(
2023
)",274180,2023,0,1人评分,邢海顺,,中国,中国,,,7月15日2023年,外星人福恩特着陆地球，他本来要来征服地球的，当他在丛林的小伙伴感召下学会了爱与关怀之后，深深地爱上了这片土地，为了这里的生物不被自己的父亲俘获，他同小伙伴一起反抗自己的父亲，并最终用爱化解了一切危机。本片由邢海顺任编剧，著名配音演员李凤良为猴子蒙奇配音。,李凤良FengliangLi
"阿依达

(
2017
)",269061,2017,0,0人评分,TizianoMancini,AntonioGhislanzoni,2D,意大利,,148分钟,,古埃及法老王时代，古埃及和埃塞俄比亚战事又起，埃及战将拉达梅斯出征，迎战埃塞俄比亚国王阿摩纳斯洛。埃及公主安奈瑞斯爱恋拉达梅斯，拉达梅斯则爱着女奴阿依达。安奈瑞斯对女奴阿依达的身份充满了疑虑，其实阿依达正是埃塞俄比亚国王之女。拉达梅斯凯旋，阿依达在战俘中发现父亲。除了阿依达父女，埃及王将战俘一概释放，同时宣布安奈瑞斯许配给拉达梅斯。阿依达决定和拉达梅斯见最后一面，见面前，阿摩纳斯洛劝女儿获取机密。拉达梅斯泄露军机后，阿摩纳斯洛突然出现并亮明身份，但却在逃亡时被大祭司撞个正着。拉达梅斯最终被判活埋，阿依达不愿苟生，决心与拉达梅斯相伴。一对恋人拥抱着，灵魂飞上天国。,克里斯汀·刘易斯ChristineLewis
"踢球吧少年

(
2023
)",274818,2023,0,1人评分,郝鸿远,,家庭/喜剧/运动,中国,,91分钟,9月8日2023年,,"贾冰
冯文娟WenjuanFeng
岳骁恪
常远YuanChang"
"夜店

(
1948
)",44295,1948,0,27人评分,黄佐临,柯灵,剧情,中国,,187分钟,,“闻家店”是上海的一个下等客店，里面住着形形色色的小人物。“闻家店”的店主闻太师阴险吝啬，老板娘赛观音很放荡，她与小偷杨七郎曾有私情，但杨七郎后来喜欢上了赛观音淳朴善良的妹妹石小妹，赛观音因此经常折磨小妹。杨七郎看到店中房客们的悲惨遭遇大受震动，决定重新做人。此时赛观音和情夫小方密谋毒死闻太师，卖掉石小妹，而闻太师却以为杨七郎和妻子仍有来往便向巡捕房告发了杨七郎，回到店中时，他看到正准备离开的杨七郎和石小妹，两人打斗之时，闻太师毒发身亡，杨七郎被当作凶手抓进监狱，石小妹被卖到妓院，绝望的石小妹自杀身亡。,"周璇XuanZhou
张伐FaZhang
石挥HuiShi
石羽YuShi"
"方珍珠

(
1952
)",36756,1952,0,17人评分,徐昌霖,,,中国,,,,,"陶金JinTao
顾也鲁YeluGu
孙景璐JingluSun
顾而已EryiGu"
"穿越烽火

(
2023
)",274584,2023,0,1人评分,胡永芳,,纪录片,中国,,88分钟,6月28日2023年,本片通过讲述中国共产党领导下的第一部纪录电影的拍摄故事，展现一群怀揣电影梦、救国梦的艺术家是如何在延安精神的感召下、在共产党的领导下，如何穿越烽火，逐渐成长为坚定的共产主义战士、新中国电影事业的奠基人,"王仁君RenjunWang
褚栓忠ShuanzhongChu
曹磊LeiCao
杨斯BoloYeung"
"纯洁心灵·逐梦演艺圈

(
2017
)",223782,2017,2.6,620人评分,毕志飞,毕志飞,剧情,中国,中国电影集团公司美亚长城传媒（北京）有限公司,95分钟,,海亚影视学院（虚构）近些年已经跻身国内著名影视院校的行列，其表演系2010级本科班，学生形象、艺术条件都格外突出，从入校伊始就备受学校师生关注，被誉为“准明星班”。班主任文天阳年青英俊，刚刚硕士毕业留校，认真负责。班里共有17名学生，8男9女，家庭背景、成长经历、性格各异：有的学生家里条件优越，有奢华海边别墅、游艇与跑车；有的学生是普通工薪阶层的子女；还有学生来自落后偏远山区的少数民族；还有学生是单亲家庭的问题子女……能在千军万马中成功杀出而考取表演专业，是备受人们关注的。他们是天之骄子，热情澎湃，都在自己最美好的青春年华，为自己的美好梦想奋斗着……演员是一个相对被动的职业，经常需要见组和推销自己，学习表演专业的学生也难免要比普通专业学生与社会有更多、更早的接触。城市中有着很多诱惑，影视圈也同样复杂，他们的青春美貌也吸引了形形色色的人士们的目光。文老师与自己的学生们在四年的历程中曾经沮丧过、伤心过甚至大痛过，但是青春这趟旅程，含着眼泪也要向前！他们决心闯入演艺圈并有所作为……,"毕志飞ZhiFeiBi
饰?文天阳

朱哲健ZhejianZhu
饰?何小宇

李彦漫YanmanLi
饰?俸艾依

陈思瀚SihanChen
饰?成曳"
"龙须沟

(
1952
)",37437,1952,7.5,50人评分,冼群,,剧情,中国,,110分钟,,解放前的老北京城，天桥东边有一条臭水沟——龙须沟。生活在最底层的穷苦劳动人民沿着臭水沟两岸安家落户，这群被剥夺了尊严的人们在迫害、屈辱、疾病和死亡的夹逼中艰难求生。百姓们喝不上自来水，只能饮井里的苦水，上趟厕所还得跑半里地。每当雨季到来，臭水沟的水高涨泛滥，进入贫民的家中，臭不可闻，苦不堪言。被人喊成“疯子”的老艺人程宝庆（于是之饰）落魄愤懑，他依靠老婆程娘子（于蓝饰）卖香烟度日，最喜欢丁家那个灵巧可爱的姑娘小妞子。非人的旧社会，让人看不到未来的希望。转眼迎来了解放，龙须沟的百姓总算迎来翻身做主人的新天地……,"张伐FaZhang
陈世温ShiwenChen
黎频PinLi
刘节JieLiu"
"乌鸦与麻雀

(
1949
)",13895,1949,7.9,204人评分,郑君里,陈白尘沈浮王林谷,,中国,InternationalFilmCircuit,,,影片故事发生在1948年冬天上海的一幢弄堂房子里。小官僚侯义伯非法霸占了这所房子，把原房主孔有文赶到咫尺之地的后客堂，他自己和姘妇余小瑛住在二楼。政府摇摇欲坠，侯义伯急于把房子顶出去好捞几个钱逃命。这件事引起房客们的恐慌，大家忙想办法对付。但与世无争的孔有文不敢挺身收回房子，华先生也自视清高不肯领头，肖老板自愿出头却碰了钉子。大家只好各自为谋。肖太太把仅有的首饰和盘尼西林针药押给侯义伯，借钱轧黄金，想发财顶房子，结果夫妻二人反被打伤；华先生想搬到学校去，校长用房子收买他，他拒绝了，却被以鼓励学潮的罪名被捕人狱；华太大女儿生病，向侯义伯求援反遭调戏……种种事实的教训，使被侯义伯逼得无路可走的人们终于起来进行斗争。侯义伯这时听到政府分崩离析的消息。狼狈地逃跑了。除夕夜，孔有文收回了自己的房子，大家热热闹闹聚在一起吃年夜饭。,"赵丹DanZhao
吴茵YingWu
上官云珠YunzhuShangguang
魏鹤龄HelingWei"
"龙虾

(
2015
)",209099,2015,7.3,"1,355人评分",欧格斯·兰斯莫斯,艾锡米斯·费利珀欧格斯·兰斯莫斯,爱情/惊悚/剧情,爱尔兰,HautetCourtElementPicturesDistributionPicturehouseEntertainment,90分钟,10月16日2015年,未来反乌托邦社会中，单身有罪！一群单身男女被关进城中酒店，他们必须在45天内找到一个匹配的伴侣，失败者将变成一种自选的动物，流放进大森林。一个绝望的男人从酒店逃入森林，并在这个孤独者们生存的地盘坠入爱河，自然，他成了忤逆之人。,"柯林·法瑞尔ColinFarrell
饰?大卫

蕾切尔·薇兹RachelWeisz
饰?近视女人

蕾雅·赛杜LéaSeydoux
饰?孤独者领袖

本·威士肖BenWhishaw
饰?瘸脚男"
"万家灯火

(
1948
)",13897,1948,8.5,86人评分,沈浮,沈浮阳翰笙,剧情,中国,,120分钟,,一个小康之家，因为母亲和兄弟的投奔，日子变的艰难起来，家人之间也开始闹起了矛盾。,"上官云珠YunzhuShangguang
吴茵YingWu
蓝马MaLan
沈扬YangShen"
"永恒的一天

(
1998
)",12489,1998,8.4,589人评分,西奥·安哲罗普洛斯,西奥·安哲罗普洛斯托尼·诺格拉PetrosMarkaris,英国,希腊,AFMD人造眼ArtisticLicense,,10月16日1998年,老作家亚历山大为完成19世纪诗人拜伦未完成的诗作，虽已病入膏肓，仍决定展开他一天的追寻母语和回忆之旅。途中他解救了一个阿尔巴尼亚孤儿，决定把他送回家，而男孩也帮助他完成了心愿，两人在一天中竟然成为忘年交，亚历山大最终回到家时才发现一天原来也是永恒的。,"布鲁诺·甘茨BrunoGanz
法布瑞齐奥·班提佛格里欧FabrizioBentivoglio
伊莎贝拉·雷纳德IsabelleRenauld
DespinaBebedelli"
"我痴呆了，请多关照！

(
2018
)",265296,2018,0,3人评分,NaokoNobutomo,NaokoNobutomo,纪录片,日本,Netzgen,102分钟,11月3日2018年,今年日本优秀纪录片电影候选----优秀纪录片作家信友直子将镜头对准自己老年痴呆的母亲和耳朵不好的父亲，记录下了他们美好的1200天。本片或将成为今年的，2018年11月日本公映。,
"一江春水向东流

(
1947
)",26069,1947,8.1,248人评分,蔡楚生,蔡楚生郑君里,剧情,中国,,210分钟,10月27日2017年,上海某纱厂的女工素芬和夜校教师张忠良相识并相爱。张忠良为宣传抗日，给义勇军募捐，引起纱厂温经理的不满。没多久，素芬和忠良结婚了，一年后有了一个儿子。抗战全面爆发以后，忠良因参加救护队离开了上海，与亲人告别。素芬带着孩子、婆婆回到乡下。但农村已被日寇侵占。忠良的弟弟忠民和教师婉华参加了抗日游击队。父亲因向日寇要求减少征收粮食，被吊死。素芬又和儿子、婆婆回到上海，到了难民事务所。忠良在参加抗战过程中历尽磨难，好容易逃出到了重庆，但无依无靠，为生活所迫，他去找在抗战前认识的温经理的小姨王丽珍。已成交际花的王丽珍在干爸庞浩公的公司里给忠良找了份工作。渐渐地，忠良经不起堕落生活的诱惑，终于和王丽珍结了婚。这时，素芬和婆婆则过着艰难的生活。忠良当上了庞浩公的私人秘书，终日来往穿梭于上层社会的人群中，将素芬等早已抛置脑后。而抗战胜利后，素芬还盼望着得到丈夫的消息。忠良回到上海后又和王丽珍的表姐何文艳发生了关系。素芬为养家糊口，到何文艳家做了女佣。一次在何文艳举行的晚宴上，素芬认出了丈夫忠良，当她说出真相时语惊四座。后素芬收到忠民的来信，忠民已与婉华结婚，并祝兄嫂全家幸福。这时，素芬才将实情告诉婆婆。张母找到儿子，当面痛斥忠良，但懦弱的忠良仍不悔改，素芬万般无奈，投河自尽了。,"白杨YangBai
陶金JinTao
上官云珠YunzhuShangguang
舒绣文XiuwenShu"
"狼与羊

(
2016
)",235738,2016,0,1人评分,AndreyGalat,1kgSugar尼尔·朗道马克西姆·斯韦什尼科夫,动画/奇幻/家庭,俄罗斯,KinoSwiatNasheKino,97分钟,4月22日2016年,,"JBBlanc
汤姆·费尔顿TomFelton
罗斯·马昆德RossMarquand
琪娜·安妮·麦克兰ChinaAnneMcClain"
"汪汪队立大功之超能救援

(
2020
)",268902,2020,0,35人评分,,安迪·格尔达史蒂夫·苏利文,动画/冒险/儿童,加拿大,中国电影集团公司中国电影股份有限公司,89分钟,11月13日2020年,精通科技的10岁男孩莱德在拯救了6条小狗之后，将他们训练成了一组本领高强的狗狗巡逻队。每个小狗都性格鲜明，也各有特长。不管遇到多么困难和危险的救援任务，他们还总是忘不了相互玩闹，制作轻松的气氛，而每次幽默乐观的狗狗能总能顺利完成任务。,"麦克斯·卡林内斯库MaxCalinescu
饰?阿奇

德文·科恩DevanCohen
饰?小砾

德鲁·戴维斯DrewDavis
饰?毛毛"
"命中注定与你为敌

(
2023
)",274529,2023,0,0人评分,,,中国,中国,,,6月16日2023年,,
"午夜迷途

(
2020
)",268131,2020,0,0人评分,张若以,张若以肖青龙,惊悚/恐怖,中国,,73分钟,,,"廖越YueLiao
郭万超
罗世平ShipingLuo
施彦YanShi"
"看不见的他们

(
2023
)",274797,2023,0,0人评分,李飞,,家庭/惊悚/恐怖,中国,,88分钟,8月22日2023年,,"毛凡MichaelMao
陈晓霞XiaoxiaChen
苏俊宇JunyuSu"
"银河铁道999

(
1979
)",76666,1979,0,21人评分,林太郎,市川昆石森史郎TrishLedoux,日本,日本,NelsonEntertainmentNewWorldPicturesSultanVideo,,8月4日1979年,在遥远的未来，人类世界已经高度文明化，智能机器人早已成为了现实，人类为了获得永生，就将自己改造成为机器人。就在这时，一列名为“银河铁道999号”的宇宙列车穿梭于宇宙间，星球之间的距离不再遥远。少年星野铁郎希望搭上“银河铁道999号”宇宙列车，达到可以获得免费改造成机械身体权利的安达罗星云，以挽救被机器伯爵杀害的母亲，期间，他遇到了机械伯爵的养女梅蒂尔，并与其展开一段奇异旅程。,"野泽雅子MasakoNozawa
池田昌子MasakoIkeda
麻上洋子Y?koAsagami
麻生美代子MiyokoAs?"
